{"cameraMode":{"drawMode":0,"name":"Shaded","section":"Shading Mode"},"sceneLighting":true,"audioPlay":false,"sceneViewState":{"m_AlwaysRefresh":false,"showFog":true,"showSkybox":true,"showFlares":true,"showImageEffects":true,"showParticleSystems":true,"showVisualEffectGraphs":true,"m_FxEnabled":true},"in2DMode":false,"pivot":{"x":-2.347712516784668,"y":-0.24557101726531983,"z":-0.48683714866638186},"rotation":{"x":-0.05037318170070648,"y":0.8320091962814331,"z":-0.07660216838121414,"w":-0.547129213809967},"size":4.3657684326171879,"orthographic":false}