{"cameraMode":{"drawMode":0,"name":"Shaded","section":"Shading Mode"},"sceneLighting":true,"audioPlay":false,"sceneViewState":{"m_AlwaysRefresh":false,"showFog":true,"showSkybox":true,"showFlares":true,"showImageEffects":true,"showParticleSystems":true,"showVisualEffectGraphs":true,"m_FxEnabled":true},"in2DMode":false,"pivot":{"x":-3.458752155303955,"y":0.033225975930690768,"z":1.7757189273834229},"rotation":{"x":0.176328644156456,"y":-0.027763579040765764,"z":0.004851755686104298,"w":0.9839919805526733},"size":0.7088322043418884,"orthographic":false}